"Plopcom Unblocker","üîß Plopcom Unblocker"
"Unblocker Settings","üîß R√©glages plopcom unblocker"
"Allowed Users"," üëå Utilisateurs authoris√©s"
"Order","Commande"
"Invoice","Facture"
"Invoices","Factures"
"Shipments","Exp√©ditions"
"Shipment","Exp√©dition"
"Order items","Articles"
"Invoice qty fixed","La quantit√© factur√©e a √©t√© corrig√©e"
"This qty invoiced is too low, you should create a new invoice","La quantit√© factur√©e est trop basse, vous devez cr√©er un nouvelle facture"
"This qty shipped is too low, you should create a new shipment","La quantit√© exp√©di√©e est trop basse, vous devez cr√©er un nouvelle exp√©dition"
"This item as not invoiced qty error","La quantit√© factur√©e pour ce produit est correcte"
"This item as not shipped qty error","La quantit√© exp√©di√©e pour ce produit est correcte"
"fix invoice qty ?","√ätes-vous s√ªr(e) de vouloir corriger la quantit√© factur√©e ?"
"fix invoice qty","Corriger la quantit√© factur√©e"
"fix ordered qty ?","√ätes-vous s√ªr(e) de vouloir corriger la quantit√© command√©e √† l'aide des quantit√©s factur√©e et exp√©di√©e ?"
"fix ordered qty","Corriger la quantit√© command√©e"
"fix shipped qty ?","√ätes-vous s√ªr(e) de vouloir corriger la quantit√© exp√©di√©e ?"
"fix shipped qty","Corriger la quantit√© exp√©di√©e"
"force invoice ?","√ätes-vous s√ªr(e) de vouloir forcer la facturation ?"
"invisible child item","Produit simple enfant invisible"
"cancel","annuler"
"remove shipment item ?","Supprimer ce produit de cette exp√©dition ?"
"generate missing grid item","G√©n√©rer la vue liste manquante"
"Everything seams ok","Tout semble en ordre"
"state should be %s (but is %s)","La commande devrait avoir les statut <strong>%s</strong>, mais a le statut <strong>%s</strong>"
"Order cannot change state for %s","La commande ne peut pas passer au satut %s"
"State and status changed","L'√™tat et le statut ont √©t√© chang√©s"
"Notify customer for change","Informer le client"
"Dispatch %s","Dispatcher l'√©v√©nement %s"
"New status","Nouveau Statut"
"Change state and status","Corriger"
"Valid","Valide"
"Canceled","Annul√©"